ref_date,grade,score,published,forward_return_pct,hit,fam_outlook,fam_yield,fam_positioning,fam_enso,fam_unica,fam_cross,fam_analog
2012-05-08,A,10.138866666666667,True,-8.05106150922864,False,0.0,0.5446,0.6692,1.0,1.0,0.5833333333333334,1.0
2012-05-17,A,9.025466666666667,True,-12.799616482125053,False,0.0,0.5446,0.6125,1.0,0.5,0.5833333333333334,1.0
2012-05-29,A,9.679222222222222,True,-7.834104622903126,False,0.0,0.5446,0.6616,1.0,0.5,0.8611111111111112,1.0
2012-06-07,A,8.051344444444444,False,-9.716599463838127,False,0.0,0.6145,0.5817,1.0,0.5,0.7222222222222222,0.30000000000000004
2012-06-18,B,7.902166666666667,False,-10.115055362484004,False,0.0,0.6145,0.646,1.0,0.5,0.5833333333333334,0.30000000000000004
2012-06-27,B,7.9949666666666666,False,-14.519143787461886,False,0.0,0.6145,0.6924,1.0,0.5,0.5833333333333334,0.30000000000000004
2012-07-09,B,6.7772,True,-22.202646458742702,False,0.0,0.5314,0.6415,1.0,0.5,0.45000000000000007,0.0
2012-07-18,B,6.628511111111111,True,-22.788676582662994,False,0.0,0.5314,0.4616,1.0,0.5,0.5555555555555556,0.0
2012-07-27,B,6.618377777777778,True,-21.447601356690615,False,0.0,0.5314,0.4232,1.0,0.5,0.5888888888888889,0.0
2012-08-07,A,8.232238888888888,True,-18.347340294948044,False,0.0,0.45225,0.24329999999999996,1.0,0.5,0.6944444444444445,1.0
2012-08-16,A,8.221461111111111,False,-13.3002499052715,False,0.0,0.45225,0.37679999999999997,1.0,0.5,0.5555555555555556,1.0
2012-08-27,A,8.436327777777777,False,-13.650307511219085,False,0.0,0.45225,0.45089999999999997,1.0,0.5,0.5888888888888889,1.0
2012-09-06,A,8.160972222222222,False,-11.658721065689303,False,0.0,0.40905,0.3558,1.0,0.5,0.6111111111111112,1.0
2012-09-17,A,8.50395,False,-17.973041727701666,False,0.0,0.40905,0.6384000000000001,1.0,0.5,0.5,1.0
2012-09-26,A,9.246594444444444,True,-14.358709809717363,False,0.0,0.40905,0.7875,1.0,0.5,0.7222222222222222,1.0
2012-10-05,A,8.305494444444445,False,-23.53761089451991,False,0.0,0.40875,0.6924,1.0,0.5,0.7222222222222222,0.625
2012-10-16,B,6.463672222222223,False,-18.988596476048116,False,0.0,0.40875,0.5076,1.0,0.5,0.6111111111111112,0.0
2012-10-25,B,6.680494444444444,False,-17.15309914843186,False,0.0,0.40875,0.5049,1.0,0.5,0.7222222222222222,0.0
2012-11-07,B,7.385361111111111,False,-10.712404247579677,False,0.0,0.6265499999999999,0.5973,1.0,0.5,0.6555555555555556,0.0
2012-11-16,B,7.446316666666666,False,-12.375973781176807,False,0.0,0.6265499999999999,0.7,1.0,0.5,0.5833333333333334,0.0
2012-11-28,B,7.442227777777777,False,-11.58663533942742,False,0.0,0.6265499999999999,0.6924,1.0,0.5,0.5888888888888889,0.0
2012-12-07,B,7.905272222222223,False,-14.315461379812412,False,0.0,0.6577500000000001,0.6049,1.0,0.5,0.8611111111111112,0.0
2012-12-18,B,7.669161111111111,False,-13.40896625045348,False,0.0,0.6577500000000001,0.6924,1.0,0.5,0.6555555555555556,0.0
2012-12-28,B,7.376361111111112,False,-13.542735069177725,False,0.0,0.6577500000000001,0.646,1.0,0.5,0.5555555555555556,0.0
2013-01-09,A,9.407911111111112,True,-6.463670560123713,False,0.0,0.6784,0.6308,1.0,0.5,0.5555555555555556,1.0
2013-01-18,A,9.279311111111111,True,1.1976009978433622,False,0.0,0.6784,0.5665,1.0,0.5,0.5555555555555556,1.0
2013-01-30,A,9.640755555555556,True,1.6034268257027806,False,0.0,0.6784,0.525,1.0,0.5,0.7777777777777778,1.0
2013-02-08,A,8.965922222222222,True,4.906291769254123,True,0.0,0.7113,0.6049,1.0,0.5,0.6111111111111112,0.7
2013-02-20,A,8.981122222222222,True,-0.49046403660446547,False,0.0,0.7113,0.6125,1.0,0.5,0.6111111111111112,0.7
2013-03-01,A,10.075944444444444,True,-1.5075402571970709,False,0.0,0.6855,0.7875,1.0,0.5,0.7222222222222222,1.0
2013-03-12,A,9.870544444444445,True,-7.970244550070438,False,0.0,0.6855,0.6848000000000001,1.0,0.5,0.7222222222222222,1.0
2013-03-21,A,9.1199,True,-8.347054513095031,False,0.0,0.6855,0.5817,1.0,0.5,0.45000000000000007,1.0
2013-04-02,A,9.054961111111112,True,-7.504261986205929,False,0.0,0.6467499999999999,0.5018,1.0,0.5,0.5555555555555556,1.0
2013-04-11,A,9.66525,True,-8.688336456295954,False,0.0,0.6467499999999999,0.6125,1.0,0.5,0.7500000000000001,1.0
2013-04-22,A,9.460516666666667,True,-10.128714539941019,False,0.0,0.6467499999999999,0.6768000000000001,1.0,0.5,0.5833333333333334,1.0
2013-05-01,B,7.739977777777778,False,-10.8482407542843,False,0.0,0.5514,0.654,1.0,0.5,0.5888888888888889,0.30000000000000004
2013-05-10,B,7.673311111111111,False,-13.826734395962504,False,0.0,0.5514,0.654,1.0,0.5,0.5555555555555556,0.30000000000000004
2013-05-21,B,7.075933333333333,True,-5.990511223716832,False,0.0,0.5514,0.49420000000000003,1.0,0.5,0.41666666666666674,0.30000000000000004
2013-05-31,B,7.787688888888889,False,-2.356491888985157,False,0.0,0.5514,0.5973,1.0,0.5,0.4444444444444445,0.525
2013-06-11,A,8.567811111111112,False,7.0595429950781385,True,0.0,0.5561,0.49420000000000003,1.0,0.5,0.5555555555555556,0.9
2013-06-20,A,8.393455555555557,False,11.233212740297693,True,0.0,0.5561,0.6848000000000001,1.0,0.5,0.2777777777777778,0.9
2013-07-01,A,9.215572222222223,True,3.7747102492958318,True,0.0,0.52725,0.8058,1.0,0.5,0.6111111111111112,0.9
2013-07-11,B,7.426349999999999,False,11.67701314423808,True,0.0,0.52725,0.6722999999999999,1.0,0.5,0.5,0.25
2013-07-22,B,7.1812611111111115,False,4.634147844876257,True,0.0,0.52725,0.49420000000000003,1.0,0.5,0.5555555555555556,0.25
2013-07-31,B,7.085838888888889,False,-1.8267500205402465,False,0.0,0.52725,0.6076,1.0,0.5,0.4444444444444445,0.2
2013-08-09,B,7.031894444444444,False,0.3533649876831024,False,0.0,0.46755,0.5924,1.0,0.5,0.7222222222222222,0.0
2013-08-20,C,5.880272222222223,False,4.6751699445386485,True,0.0,0.46755,0.4277,1.0,0.5,0.3111111111111111,0.0
2013-08-29,B,6.9278055555555556,False,8.552226919713668,True,0.0,0.46755,0.4848,1.0,0.5,0.7777777777777778,0.0
2013-09-10,B,6.900516666666666,False,1.7462120589728292,False,0.0,0.45415,0.43570000000000003,1.0,0.5,0.8333333333333334,0.0
2013-09-19,B,7.032227777777778,False,-1.1065843518541674,False,0.0,0.45415,0.44599999999999995,1.0,0.5,0.888888888888889,0.0
2013-09-30,B,6.437294444444444,False,0.2860477443855869,False,0.0,0.45415,0.31520000000000004,1.0,0.5,0.7222222222222222,0.0
2013-10-09,A,8.801194444444445,True,-9.359869590296588,False,0.0,0.60225,0.475,1.0,0.5,0.7222222222222222,0.8
2013-10-18,A,8.101194444444445,False,-10.66666627541567,False,0.0,0.60225,0.125,1.0,0.5,0.7222222222222222,0.8
2013-10-29,A,8.276194444444444,False,-8.021687741920546,False,0.0,0.60225,0.2125,1.0,0.5,0.7222222222222222,0.8
2013-11-07,A,8.347988888888889,False,-7.871396919230344,False,0.0,0.6197,0.3,1.0,0.5,0.4444444444444445,1.0
2013-11-18,A,9.242922222222223,True,-9.577469086982838,False,0.0,0.6197,0.3308,1.0,0.5,0.8611111111111112,1.0
2013-11-27,A,8.527566666666667,False,-8.943084027793235,False,0.0,0.6197,0.2509,1.0,0.5,0.5833333333333334,1.0
2013-12-09,A,8.652577777777779,False,-5.861023311604541,False,0.0,0.6788000000000001,0.36920000000000003,1.0,0.5,0.638888888888889,0.8
2013-12-18,A,8.233777777777778,False,-5.978607567108451,False,0.0,0.6788000000000001,0.2098,1.0,0.5,0.5888888888888889,0.8
2013-12-30,A,8.602911111111112,False,-15.262510222306268,False,0.0,0.6788000000000001,0.4277,1.0,0.5,0.5555555555555556,0.8
2014-01-09,B,6.844344444444444,True,-0.452194424381136,False,0.0,0.4565,0.5152,1.0,0.5,0.7222222222222222,0.0
2014-01-21,B,6.911011111111111,False,11.892249591727765,True,0.0,0.4565,0.6152,1.0,0.5,0.6555555555555556,0.0
2014-01-30,B,6.613611111111111,False,11.20747385475418,True,0.0,0.4565,0.5665,1.0,0.5,0.5555555555555556,0.0
2014-02-10,B,6.634338888888889,False,2.4936082785270486,False,0.0,0.46335,0.4277,1.0,0.5,0.6944444444444445,0.0
2014-02-20,B,6.683027777777778,False,-5.021431100154727,False,0.0,0.46335,0.5076,1.0,0.5,0.638888888888889,0.0
2014-03-03,B,7.473627777777778,False,-10.674155617795611,False,0.0,0.58375,0.47229999999999994,1.0,0.5,0.5888888888888889,0.30000000000000004
2014-03-12,B,7.446516666666667,False,-9.451047363233556,False,0.0,0.58375,0.46429999999999993,1.0,0.5,0.5833333333333334,0.30000000000000004
2014-03-21,B,7.621672222222222,False,-10.041589946788033,False,0.0,0.58375,0.2741,1.0,0.5,0.8611111111111112,0.30000000000000004
2014-04-01,A,8.810605555555556,False,-14.37718406957581,False,0.0,0.5439499999999999,0.36160000000000003,1.0,0.5,0.7277777777777779,1.0
2014-04-10,A,8.704405555555555,False,-13.934426961780112,False,0.0,0.5439499999999999,0.2585,1.0,0.5,0.7777777777777778,1.0
2014-04-22,A,8.512561111111111,False,-13.007651959500443,False,0.0,0.5439499999999999,0.3848,1.0,0.5,0.5555555555555556,1.0
2014-05-01,A,8.620394444444445,False,-13.876401231590062,False,0.0,0.52205,0.3049,1.0,0.5,0.7222222222222222,1.0
2014-05-12,A,8.748994444444444,False,-12.31926521300748,False,0.0,0.52205,0.36920000000000003,1.0,0.5,0.7222222222222222,1.0
2014-05-21,A,8.004061111111112,False,-16.800459950984205,False,0.0,0.52205,0.1634,1.0,0.5,0.5555555555555556,1.0
2014-06-02,B,7.93905,False,-12.165309170327788,False,0.0,0.50735,0.3585,1.0,0.5,0.45000000000000007,0.9
2014-06-11,B,7.068938888888889,False,-17.13265468331261,False,0.0,0.50735,0.279,1.0,0.5,0.6944444444444445,0.30000000000000004
2014-06-20,B,6.821561111111111,False,-27.34374775484737,False,0.0,0.50735,0.2942,1.0,0.5,0.5555555555555556,0.30000000000000004
2014-07-01,B,6.387972222222222,False,-29.10112119958089,False,0.0,0.55465,0.2509,1.0,0.5,0.6111111111111112,0.0
2014-07-11,B,6.960194444444444,False,-29.759812621709404,False,0.0,0.55465,0.42589999999999995,1.0,0.5,0.7222222222222222,0.0
2014-07-22,B,6.932572222222222,False,-25.407923633139053,False,0.0,0.55465,0.5232,1.0,0.5,0.6111111111111112,0.0
2014-07-31,B,6.757416666666667,False,-22.904007981663497,False,0.0,0.55465,0.3634,1.0,0.5,0.5833333333333334,0.1
2014-08-11,A,8.722594444444445,False,-19.396549648555737,False,0.0,0.42785,0.49729999999999996,1.0,0.5,0.7222222222222222,1.0
2014-08-20,A,8.577994444444444,False,-14.522291469237347,False,0.0,0.42785,0.42500000000000004,1.0,0.5,0.7222222222222222,1.0
2014-08-29,A,9.077172222222222,True,-16.978696922544035,False,0.0,0.42785,0.5357000000000001,1.0,0.5,0.8611111111111112,1.0
2014-09-10,A,8.21798888888889,False,-17.493118701447663,False,0.0,0.3713,0.6076,1.0,0.5,0.4444444444444445,1.0
2014-09-19,A,8.382366666666666,False,-10.592594853153937,False,0.0,0.3713,0.5509000000000001,1.0,0.5,0.5833333333333334,1.0
2014-09-30,A,8.110633333333334,False,-27.32557924627198,False,0.0,0.3713,0.5817,1.0,0.5,0.41666666666666674,1.0
2014-10-09,A,9.879999999999999,True,-29.221561947140174,False,0.0,0.3868,0.8598,1.0,0.5,1.0,1.0
2014-10-20,A,8.475266666666666,False,-28.657077932800036,False,0.0,0.3868,0.5741,1.0,0.5,0.5833333333333334,1.0
2014-10-29,A,9.221022222222222,True,-29.81595020953922,False,0.0,0.3868,0.6692,1.0,0.5,0.8611111111111112,1.0
2014-11-07,B,7.34488888888889,False,-26.95984483979821,False,0.0,0.6788000000000001,0.5098,1.0,0.5,0.4444444444444445,0.2
2014-11-18,B,7.812866666666667,False,-32.145131626177395,False,0.0,0.6788000000000001,0.6049,1.0,0.5,0.5833333333333334,0.2
2014-11-28,A,8.013844444444445,False,-31.173832987710504,False,0.0,0.6788000000000001,0.5665,1.0,0.5,0.7222222222222222,0.2
2014-12-09,A,9.569794444444444,True,-28.274965208204673,False,0.0,0.65905,0.5741,1.0,0.5,0.7222222222222222,1.0
2014-12-18,A,9.729594444444444,True,-26.150768086379607,False,0.0,0.65905,0.654,1.0,0.5,0.7222222222222222,1.0
2014-12-30,A,9.729594444444444,True,-21.697468520097818,False,0.0,0.65905,0.654,1.0,0.5,0.7222222222222222,1.0
2015-01-09,A,8.812872222222222,True,-21.193828838037064,False,0.0,0.48855,0.6125,1.0,0.5,0.8611111111111112,0.7
2015-01-21,A,8.962872222222222,True,-12.18593294447543,False,0.0,0.48855,0.6875,1.0,0.5,0.8611111111111112,0.7
2015-01-30,B,7.831338888888888,False,-3.5158857703215696,False,0.0,0.48855,0.5384,1.0,0.5,0.4444444444444445,0.7
2015-02-10,B,6.553305555555556,False,-1.9714477301222333,False,0.0,0.68525,0.371,1.0,0.5,0.2777777777777778,0.1
2015-02-20,B,6.28395,False,2.5712291642214558,False,0.0,0.68525,0.47409999999999997,1.0,0.09000000000000001,0.45000000000000007,0.1
2015-03-03,B,6.955266666666667,False,12.862457401069417,True,0.0,0.6984,0.6567000000000001,1.0,0.09000000000000001,0.5833333333333334,0.1
2015-03-12,A,8.56408888888889,False,12.869037126086202,True,0.0,0.6984,0.7,1.0,0.09000000000000001,0.4444444444444445,1.0
2015-03-23,A,9.207222222222223,True,20.094195177462026,True,0.0,0.6984,0.6049,1.0,0.09000000000000001,0.8611111111111112,1.0
2015-04-01,B,6.6744111111111115,True,18.42532884734831,True,0.0,0.5861000000000001,0.6125,1.0,0.09000000000000001,0.6555555555555556,0.1
2015-04-13,B,6.269011111111111,False,13.4511911545939,True,0.0,0.5861000000000001,0.5098,1.0,0.09000000000000001,0.5555555555555556,0.1
2015-04-22,B,7.185188888888889,False,16.508690187821106,True,0.0,0.5861000000000001,0.829,1.0,0.09000000000000001,0.6944444444444445,0.1
2015-05-01,B,6.466683333333334,True,14.25251877874134,True,0.0,0.59545,0.7335,1.0,0.09000000000000001,0.41666666666666674,0.1
2015-05-12,B,6.643305555555556,True,-2.4300436344626752,False,0.0,0.59545,0.6107,1.0,0.09000000000000001,0.7277777777777779,0.0
2015-05-21,C,5.526483333333333,False,7.686149365405703,True,0.0,0.59545,0.26339999999999997,1.0,0.09000000000000001,0.5166666666666667,0.0
2015-06-02,B,6.425327777777778,True,3.733766635889002,True,0.0,0.52905,0.44020000000000004,1.0,0.09000000000000001,0.5888888888888889,0.30000000000000004
2015-06-11,B,7.949661111111111,True,25.08591056845624,True,0.0,0.52905,0.5357000000000001,1.0,0.09000000000000001,0.5555555555555556,1.0
2015-06-22,A,8.297372222222222,True,27.439030468732618,True,0.0,0.52905,0.654,1.0,0.09000000000000001,0.6111111111111112,1.0
2015-07-01,B,7.911783333333334,False,28.37621226460476,True,0.0,0.53015,0.654,1.0,0.09000000000000001,0.5166666666666667,0.9
2015-07-13,B,7.088094444444445,True,26.35349805221898,True,0.0,0.53015,0.6366,1.0,0.09000000000000001,0.7222222222222222,0.30000000000000004
2015-07-22,B,6.038916666666667,True,29.086111007521698,True,0.0,0.53015,0.2509,1.0,0.09000000000000001,0.5833333333333334,0.30000000000000004
2015-07-31,B,6.596916666666667,True,36.175939037441296,True,0.0,0.53015,0.40490000000000004,1.0,0.09000000000000001,0.5833333333333334,0.42500000000000004
2015-08-11,B,7.624766666666667,True,44.25611920821324,True,0.0,0.4537,0.4585,1.0,0.09000000000000001,0.5833333333333334,1.0
2015-08-20,A,8.303522222222222,False,49.529192896078136,True,0.0,0.4537,0.5201,1.0,0.09000000000000001,0.8611111111111112,1.0
2015-08-31,B,7.636033333333334,False,57.24976731327096,True,0.0,0.4537,0.6308,1.0,0.09000000000000001,0.41666666666666674,1.0
2015-09-10,B,7.276016666666667,False,54.633720880316304,True,0.0,0.52765,0.4232,1.0,0.09000000000000001,0.33333333333333337,1.0
2015-09-21,B,7.2198166666666665,False,79.41445620148302,True,0.0,0.52765,0.39509999999999995,1.0,0.09000000000000001,0.33333333333333337,1.0
2015-09-30,A,8.306416666666667,False,62.36647580120005,True,0.0,0.52765,0.3384,1.0,0.09000000000000001,0.9333333333333333,1.0
2015-10-09,C,5.472105555555555,False,38.14504362029132,True,0.0,0.37885,0.3,1.0,0.09000000000000001,0.7777777777777778,0.0
2015-10-20,C,4.949883333333333,False,39.18918286460287,True,0.0,0.37885,0.3,1.0,0.09000000000000001,0.5166666666666667,0.0
2015-10-29,C,5.052661111111111,False,32.96703332692093,True,0.0,0.37885,0.2125,1.0,0.09000000000000001,0.6555555555555556,0.0
2015-11-09,B,6.1280222222222225,False,34.38169796022763,True,0.0,0.6586000000000001,0.125,1.0,0.09000000000000001,0.8611111111111112,0.0
2015-11-18,B,6.040444444444445,False,42.01796031673586,True,0.0,0.6586000000000001,0.22010000000000002,1.0,0.09000000000000001,0.7222222222222222,0.0
2015-11-30,C,5.2946888888888894,False,32.08304695424662,True,0.0,0.6586000000000001,0.125,1.0,0.09000000000000001,0.4444444444444445,0.0
2015-12-09,B,7.474,False,36.58051956226791,True,0.0,0.6846,0.22010000000000002,1.0,0.09000000000000001,1.0,0.4
2015-12-18,B,6.800466666666667,False,34.37086359565018,True,0.0,0.6846,0.3,1.0,0.09000000000000001,0.5833333333333334,0.4
2015-12-30,B,6.6962222222222225,False,43.76238438980518,True,0.0,0.6846,0.22010000000000002,1.0,0.09000000000000001,0.6111111111111112,0.4
2016-01-11,B,7.997944444444444,False,62.685519988407634,True,0.0,0.6855,0.2585,1.0,0.09000000000000001,0.7222222222222222,0.9
2016-01-21,B,7.934988888888888,False,59.930802182666845,True,0.0,0.6855,0.3848,1.0,0.21,0.4444444444444445,0.9
2016-02-01,B,6.5661555555555555,False,79.42323144702053,True,0.0,0.6784,0.3277,1.0,0.21,0.7277777777777779,0.0
2016-02-10,B,6.7764444444444445,False,68.83408041384618,True,0.0,0.6784,0.4384,1.0,0.21,0.7222222222222222,0.0
2016-02-22,B,7.111088888888889,False,76.60587679692175,True,0.0,0.6784,0.5335,1.0,0.21,0.7944444444444445,0.0
2016-03-02,B,7.071388888888889,False,37.832305441014235,True,0.0,0.7113,0.5642999999999999,1.0,0.21,0.6944444444444445,0.0
2016-03-11,B,7.462566666666667,False,29.940513540693935,True,0.0,0.7113,0.621,1.0,0.21,0.8333333333333334,0.0
2016-03-22,B,6.907166666666667,False,17.31001720410068,True,0.0,0.7113,0.3433,1.0,0.21,0.8333333333333334,0.0
2016-04-01,B,6.292377777777778,False,20.092221184084025,True,0.0,0.4866,0.21739999999999998,1.0,0.21,0.888888888888889,0.1
2016-04-12,B,6.309866666666666,False,38.521678705421316,True,0.0,0.4866,0.2817,1.0,0.21,0.8333333333333334,0.1
2016-04-21,C,5.789933333333334,False,31.450575369224374,True,0.0,0.4866,0.4384,1.0,0.21,0.41666666666666674,0.1
2016-05-02,A,8.38178888888889,False,24.491063818170943,True,0.0,0.5633,0.44149999999999995,1.0,0.21,0.6944444444444445,1.0
2016-05-11,A,8.005655555555556,False,21.943948746120178,True,0.0,0.5633,0.22010000000000002,1.0,0.21,0.7277777777777779,1.0
2016-05-20,B,7.646011111111111,False,20.972466243168974,True,0.0,0.5633,0.2125,1.0,0.21,0.5555555555555556,1.0
2016-06-01,C,5.5370333333333335,False,19.47156472923428,True,0.0,0.6145,0.22010000000000002,1.0,0.21,0.41666666666666674,0.0
2016-06-10,B,6.180166666666667,False,-0.20305032476239937,False,0.0,0.6145,0.125,1.0,0.21,0.8333333333333334,0.0
2016-06-21,B,6.291277777777778,False,-5.509352799128331,False,0.0,0.6145,0.125,1.0,0.21,0.888888888888889,0.0
2016-06-30,B,6.771833333333333,False,-14.143922756449179,False,0.0,0.6145,0.38749999999999996,1.0,0.21,0.8666666666666667,0.0
2016-07-12,C,5.942044444444445,False,-15.010137867845309,False,0.0,0.4824,0.31520000000000004,1.0,0.21,0.7222222222222222,0.0
2016-07-21,C,5.680266666666667,False,-14.519428579396754,False,0.0,0.4824,0.32320000000000004,1.0,0.21,0.5833333333333334,0.0
2016-08-01,B,6.0851444444444445,False,-12.759168988153046,False,0.0,0.5197,0.3308,1.0,0.21,0.7222222222222222,0.0
2016-08-10,B,6.347566666666667,False,-19.144599755890447,False,0.0,0.5197,0.2509,1.0,0.21,0.9333333333333333,0.0
2016-08-19,C,5.126322222222223,False,-20.94082067507984,False,0.0,0.5197,0.2125,1.0,0.21,0.36111111111111116,0.0
2016-08-30,C,5.3041,False,-19.541911010848278,False,0.0,0.5197,0.2125,1.0,0.21,0.45000000000000007,0.0
2016-09-09,C,5.177477777777778,False,-28.814408678503167,False,0.0,0.3849,0.2125,1.0,0.21,0.5888888888888889,0.0
2016-09-20,C,5.973722222222222,False,-36.647080933382156,False,0.0,0.3849,0.3384,1.0,0.21,0.8611111111111112,0.0
2016-09-29,C,5.141211111111112,False,-42.61862790737627,False,0.0,0.3849,0.2277,1.0,0.21,0.5555555555555556,0.0
2016-10-11,C,5.961061111111111,False,-41.262345352441,False,0.0,0.55165,0.38749999999999996,1.0,0.21,0.5555555555555556,0.0
2016-10-20,B,6.012038888888889,False,-40.36251427665577,False,0.0,0.55165,0.2741,1.0,0.21,0.6944444444444445,0.0
2016-10-31,C,5.851416666666666,False,-33.240612785054445,False,0.0,0.55165,0.3049,1.0,0.21,0.5833333333333334,0.0
2016-11-09,A,8.714244444444445,False,-32.70013702544029,False,0.0,0.6526000000000001,0.44599999999999995,1.0,0.21,0.7222222222222222,1.0
2016-11-21,A,9.007866666666667,True,-34.93857728290647,False,0.0,0.6526000000000001,0.38170000000000004,1.0,0.21,0.9333333333333333,1.0
2016-12-01,A,8.068172222222222,False,-30.165289093355252,False,0.0,0.64525,0.5951,1.0,0.21,0.36111111111111116,0.9
2016-12-12,A,8.60003888888889,False,-27.74026053292411,False,0.0,0.64525,0.4277,1.0,0.21,0.6944444444444445,1.0
2016-12-21,A,8.610327777777778,False,-21.48351998450646,False,0.0,0.64525,0.5384,1.0,0.21,0.5888888888888889,1.0
2017-01-03,A,8.16911111111111,False,-31.39931965963081,False,0.0,0.6844,0.5924,1.0,0.21,0.5555555555555556,0.7
2017-01-12,A,8.16291111111111,False,-34.77842094136474,False,0.0,0.6844,0.48929999999999996,1.0,0.21,0.6555555555555556,0.7
2017-01-24,A,8.395088888888889,False,-31.146743786079632,False,0.0,0.6844,0.4665,1.0,0.21,0.7944444444444445,0.7
2017-02-02,A,8.61058888888889,False,-31.240872802766784,False,0.0,0.6229,0.4665,1.0,0.21,0.6944444444444445,1.0
2017-02-13,A,8.141811111111112,False,-26.350002288818363,False,0.0,0.6229,0.371,1.0,0.21,0.5555555555555556,1.0
2017-02-23,A,8.636077777777778,True,-26.388887574853502,False,0.0,0.6229,0.5848,1.0,0.21,0.5888888888888889,1.0
2017-03-06,A,8.91231111111111,False,-19.738902393050285,False,0.0,0.5714,0.7335,1.0,0.21,0.6555555555555556,1.0
2017-03-15,A,8.901844444444444,True,-17.334064326720565,False,0.0,0.5714,0.6616,1.0,0.21,0.7222222222222222,1.0
2017-03-24,A,8.788444444444444,True,-20.666285053321765,False,0.0,0.5714,0.6049,1.0,0.21,0.7222222222222222,1.0
2017-04-04,A,8.608527777777779,True,-10.829208023044924,False,0.0,0.5952500000000001,0.6125,1.0,0.21,0.5888888888888889,1.0
2017-04-13,A,8.716861111111111,False,-8.674701813049735,False,0.0,0.5952500000000001,0.7,1.0,0.21,0.5555555555555556,1.0
2017-04-25,A,8.772416666666667,True,-9.456122730455574,False,0.0,0.5952500000000001,0.7,1.0,0.21,0.5833333333333334,1.0
2017-05-04,B,7.211194444444444,False,-14.313596783641824,False,0.0,0.5822499999999999,0.7,1.0,0.21,0.7222222222222222,0.1
2017-05-15,B,7.9584166666666665,True,-15.24663783975717,False,0.0,0.5822499999999999,0.6125,1.0,0.21,0.9333333333333333,0.35
2017-05-24,B,6.647305555555556,False,-12.763241801291759,False,0.0,0.5822499999999999,0.6125,1.0,0.21,0.2777777777777778,0.35
2017-06-05,B,7.187144444444445,True,-3.6717078205617537,False,0.0,0.5043,0.6049,1.0,0.21,0.7222222222222222,0.30000000000000004
2017-06-14,B,7.027344444444444,False,-1.4684273931396374,False,0.0,0.5043,0.525,1.0,0.21,0.7222222222222222,0.30000000000000004
2017-06-23,B,6.924566666666667,True,-2.698537966567871,False,0.0,0.5043,0.6125,1.0,0.21,0.5833333333333334,0.30000000000000004
2017-07-05,A,8.989661111111111,False,-6.924196725769216,False,0.0,0.47285,0.7,1.0,0.53,0.5555555555555556,1.0
2017-07-14,A,9.895216666666666,True,-12.797202092988314,False,0.0,0.47285,0.875,1.0,0.53,0.8333333333333334,1.0
2017-07-25,A,8.834927777777779,False,-13.309348766665806,False,0.0,0.47285,0.5893,1.0,0.53,0.5888888888888889,1.0
2017-08-03,A,8.18068888888889,False,-21.663174637088943,False,0.0,0.4978,0.6692,1.0,0.53,0.6944444444444445,0.45
2017-08-14,B,7.355844444444445,False,-12.962962962962965,False,0.0,0.4978,0.47900000000000004,1.0,0.53,0.47222222222222227,0.45
2017-08-23,B,7.947844444444445,False,-17.922456441780454,False,0.0,0.4978,0.525,1.0,0.53,0.7222222222222222,0.45
2017-09-01,B,6.689344444444444,False,-11.636366410688925,False,0.0,0.3783,0.525,1.0,0.53,0.7222222222222222,0.0
2017-09-13,B,6.711077777777778,False,-12.630840722811932,False,0.0,0.3783,0.6692,1.0,0.53,0.5888888888888889,0.0
2017-09-22,B,6.7426111111111116,False,-11.659507969524984,False,0.0,0.3783,0.7182999999999999,1.0,0.53,0.5555555555555556,0.0
2017-10-03,B,7.180722222222222,False,-15.455841041238472,False,0.0,0.4495,0.775,1.0,0.53,0.6111111111111112,0.0
2017-10-12,B,6.713900000000001,False,-19.04761459535792,False,0.0,0.4495,0.7027,1.0,0.53,0.45000000000000007,0.0
2017-10-23,B,6.454744444444445,False,-20.172911870668575,False,0.0,0.4495,0.5509000000000001,1.0,0.53,0.47222222222222227,0.0
2017-11-01,A,9.11571111111111,True,-24.161531936503955,False,0.0,0.6726,0.46340000000000003,1.0,0.53,0.5555555555555556,1.0
2017-11-10,A,9.327311111111111,True,-29.94652730272026,False,0.0,0.6726,0.5692,1.0,0.53,0.5555555555555556,1.0
2017-11-21,A,9.563755555555556,True,-29.166667467804363,False,0.0,0.6726,0.5152,1.0,0.53,0.7277777777777779,1.0
2017-12-01,A,8.89135,False,-32.1094767218151,False,0.0,0.65925,0.4768,1.0,0.53,0.45000000000000007,1.0
2017-12-12,A,8.423372222222222,False,-23.238929967756526,False,0.0,0.65925,0.38170000000000004,1.0,0.53,0.3111111111111111,1.0
2017-12-21,A,8.988727777777777,False,-24.306026007608217,False,0.0,0.65925,0.3866,1.0,0.53,0.5888888888888889,1.0
2018-01-03,A,9.711638888888888,True,-29.45787136036374,False,0.0,0.66525,0.6335,1.0,0.53,0.6944444444444445,1.0
2018-01-12,A,8.991861111111112,False,-18.12412266000072,False,0.0,0.66525,0.4125,1.0,0.53,0.5555555555555556,1.0
2018-01-24,A,8.832061111111111,False,-2.3556190694283607,False,0.0,0.66525,0.3326,1.0,0.53,0.5555555555555556,1.0
2018-02-02,B,6.899583333333334,False,1.9075585231020487,False,0.0,0.65715,0.5174000000000001,1.0,0.53,0.41666666666666674,0.0
2018-02-13,B,7.567716666666667,False,-1.186942528527457,False,0.0,0.65715,0.6848000000000001,1.0,0.53,0.5833333333333334,0.0
2018-02-23,B,7.840761111111111,False,-6.1403518556215175,False,0.0,0.65715,0.7491,1.0,0.53,0.6555555555555556,0.0
2018-03-06,B,7.327927777777778,False,-4.83271098697352,False,0.0,0.56845,0.6924,1.0,0.53,0.5888888888888889,0.0
2018-03-15,B,7.379394444444444,False,1.0204090798779264,False,0.0,0.56845,0.5848,1.0,0.53,0.7222222222222222,0.0
2018-03-26,B,6.80015,False,3.3011259653265013,True,0.0,0.56845,0.5174000000000001,1.0,0.53,0.5,0.0
2018-04-05,B,7.1032222222222225,False,0.6477726415789364,False,0.0,0.532,0.6125,1.0,0.53,0.6111111111111112,0.0
2018-04-16,B,6.992111111111111,False,-0.4173559179553532,False,0.0,0.532,0.6125,1.0,0.53,0.5555555555555556,0.0
2018-04-25,B,6.472822222222223,True,17.679559272485214,True,0.0,0.532,0.5973,1.0,0.53,0.3111111111111111,0.0
2018-05-04,B,7.7583,False,12.684622146952007,True,0.0,0.5045,0.6924,1.0,0.53,0.45000000000000007,0.45
2018-05-15,B,7.408633333333333,False,9.374998965197179,True,0.0,0.5045,0.5509000000000001,1.0,0.53,0.41666666666666674,0.45
2018-05-24,B,7.9337888888888894,False,3.796448002294972,True,0.0,0.5045,0.5357000000000001,1.0,0.53,0.6944444444444445,0.45
2018-06-05,B,6.499266666666666,False,11.231276009839508,True,0.0,0.5114,0.36920000000000003,1.0,0.53,0.5833333333333334,0.0
2018-06-14,B,7.2558,False,1.7170895012852405,False,0.0,0.5114,0.3308,1.0,0.53,1.0,0.0
2018-06-25,B,6.3022,False,3.416665395100904,True,0.0,0.5114,0.354,1.0,0.53,0.5,0.0
2018-07-05,B,7.623883333333334,False,8.71080174107044,True,0.0,0.48965,0.3308,1.0,0.53,0.41666666666666674,0.8
2018-07-16,A,8.006572222222223,False,11.49012292210938,True,0.0,0.48965,0.3277,1.0,0.53,0.6111111111111112,0.8
2018-07-25,A,8.87715,True,14.119758146820672,True,0.0,0.48965,0.3741,1.0,0.53,1.0,0.8
2018-08-03,B,7.484161111111112,False,16.866358150838746,True,0.0,0.52995,0.4616,1.0,0.53,0.6555555555555556,0.30000000000000004
2018-08-14,B,7.2771388888888895,True,16.150870905702817,True,0.0,0.52995,0.5692,1.0,0.53,0.4444444444444445,0.30000000000000004
2018-08-23,B,7.146916666666667,False,17.984186911121427,True,0.0,0.52995,0.6152,1.0,0.53,0.33333333333333337,0.30000000000000004
2018-09-04,B,6.6585833333333335,False,8.740595126814021,True,0.0,0.48575,0.654,1.0,0.53,0.41666666666666674,0.0
2018-09-13,B,7.156961111111111,False,6.335614313214077,True,0.0,0.48575,0.7643,1.0,0.53,0.5555555555555556,0.0
2018-09-24,B,7.025738888888889,False,22.832368587952878,True,0.0,0.48575,0.5598,1.0,0.53,0.6944444444444445,0.0
2018-10-03,A,9.293155555555556,False,0.3270720934142268,False,0.0,0.633,0.3893,1.0,0.53,0.7777777777777778,1.0
2018-10-12,A,9.9286,False,-4.055086039375144,False,0.0,0.633,0.4848,1.0,0.53,1.0,1.0
2018-10-23,A,9.003444444444444,False,-12.671976443347365,False,0.0,0.633,0.3,1.0,0.53,0.7222222222222222,1.0
2018-11-01,A,8.810944444444445,False,-8.567090194962413,False,0.0,0.6855,0.125,1.0,0.53,0.7222222222222222,1.0
2018-11-12,A,8.898366666666666,False,-7.109730699020444,False,0.0,0.6855,0.3076,1.0,0.53,0.5833333333333334,1.0
2018-11-21,A,9.032344444444444,True,-7.570978036610265,False,0.0,0.6855,0.23570000000000002,1.0,0.53,0.7222222222222222,1.0
2018-12-03,B,7.114372222222222,False,-10.302090932810204,False,0.0,0.59465,0.2741,1.0,0.53,0.8611111111111112,0.0
2018-12-13,B,6.836594444444445,False,-12.235297408758427,False,0.0,0.59465,0.2741,1.0,0.53,0.7222222222222222,0.0
2018-12-24,B,6.7535944444444445,False,-13.225801936297321,False,0.0,0.59465,0.23260000000000003,1.0,0.53,0.7222222222222222,0.0
2019-01-04,B,7.288866666666666,False,-5.951383235413177,False,0.0,0.4868,0.3509,1.0,0.53,0.9333333333333333,0.1
2019-01-15,B,6.661577777777778,False,-2.051667987993555,False,0.0,0.4868,0.38170000000000004,1.0,0.53,0.5888888888888889,0.1
2019-01-25,B,6.677911111111111,False,-0.24115541787074202,False,0.0,0.4868,0.4232,1.0,0.53,0.5555555555555556,0.1
2019-02-05,B,7.252638888888889,False,-4.992195045892411,False,0.0,0.63905,0.3433,1.0,0.53,0.6944444444444445,0.1
2019-02-14,B,7.056727777777778,False,-1.0309287706608328,False,0.0,0.63905,0.3509,1.0,0.53,0.5888888888888889,0.1
2019-02-26,B,7.16015,False,-2.4068355346451464,False,0.0,0.63905,0.5415,1.0,0.53,0.45000000000000007,0.1
2019-03-07,B,6.886072222222222,False,5.024708726740346,True,0.0,0.66615,0.5026999999999999,1.0,0.53,0.3111111111111111,0.1
2019-03-18,B,7.157961111111112,False,-0.7009357594886856,False,0.0,0.66615,0.39420000000000005,1.0,0.53,0.5555555555555556,0.1
2019-03-27,B,6.572005555555556,False,6.6772667542308595,True,0.0,0.66615,0.379,1.0,0.53,0.2777777777777778,0.1
2019-04-05,B,6.941911111111112,False,6.112850462225605,True,0.0,0.6126,0.4665,1.0,0.53,0.5555555555555556,0.0
2019-04-16,B,6.5764000000000005,False,4.956034166391854,True,0.0,0.6126,0.3893,1.0,0.53,0.45000000000000007,0.0
2019-04-26,B,7.029177777777778,False,15.497549617122331,True,0.0,0.6126,0.4768,1.0,0.53,0.5888888888888889,0.0
2019-05-07,B,6.876366666666667,False,21.924685584745607,True,0.0,0.5499,0.5,1.0,0.53,0.5833333333333334,0.0
2019-05-16,B,6.741566666666667,False,26.400684896850567,True,0.0,0.5499,0.43260000000000004,1.0,0.53,0.5833333333333334,0.0
2019-05-28,B,7.656922222222223,False,34.29787006783993,True,0.0,0.5499,0.6125,1.0,0.53,0.8611111111111112,0.0
2019-06-06,B,7.495522222222222,False,22.062351545844283,True,0.0,0.4961,0.6125,1.0,0.53,0.8611111111111112,0.0
2019-06-17,B,7.207944444444444,False,6.398107657025576,True,0.0,0.4961,0.6076,1.0,0.53,0.7222222222222222,0.0
2019-06-26,B,6.834411111111111,False,-2.7431415713302876,False,0.0,0.4961,0.5874999999999999,1.0,0.53,0.5555555555555556,0.0
2019-07-08,B,7.320127777777778,False,-9.477906582964957,False,0.0,0.5024500000000001,0.48749999999999993,1.0,0.53,0.5888888888888889,0.30000000000000004
2019-07-17,B,7.088261111111112,False,-12.722646351597156,False,0.0,0.5024500000000001,0.3049,1.0,0.53,0.6555555555555556,0.30000000000000004
2019-07-26,B,7.483194444444445,False,-16.38935267890438,False,0.0,0.5024500000000001,0.43570000000000003,1.0,0.53,0.7222222222222222,0.30000000000000004
2019-08-06,A,8.472138888888889,False,-16.112527394763298,False,0.0,0.48395,0.5357000000000001,1.0,0.53,0.4444444444444445,1.0
2019-08-15,A,8.646983333333333,False,-10.576100462659143,False,0.0,0.48395,0.5509000000000001,1.0,0.53,0.5166666666666667,1.0
2019-08-26,A,8.723938888888888,False,-10.23622086662711,False,0.0,0.48395,0.6616,1.0,0.53,0.4444444444444445,1.0
2019-09-05,A,8.706755555555556,False,-0.36463045468877464,False,0.0,0.3938,0.6049,1.0,0.53,0.7277777777777779,0.9
2019-09-16,A,9.085844444444444,True,4.779077778889973,True,0.0,0.3938,0.7,1.0,0.53,0.7222222222222222,1.0
2019-09-25,A,8.935844444444445,False,0.5932177431588581,False,0.0,0.3938,0.875,1.0,0.53,0.47222222222222227,1.0
2019-10-04,B,7.302372222222223,False,-7.601882834086826,False,0.0,0.37845,0.6924,1.0,0.53,0.8611111111111112,0.0
2019-10-15,B,6.700416666666667,False,-2.7799871106259144,False,0.0,0.37845,0.6692,1.0,0.53,0.5833333333333334,0.0
2019-10-24,B,7.040616666666667,False,-7.967483583039636,False,0.0,0.37845,0.5893,1.0,0.53,0.8333333333333334,0.0
2019-11-04,A,9.173261111111112,True,-5.915265847955197,False,0.0,0.59745,0.6049,1.0,0.53,0.5555555555555556,1.0
2019-11-13,A,8.653172222222222,False,-1.0116740123088497,False,0.0,0.59745,0.5893,1.0,0.53,0.3111111111111111,1.0
2019-11-22,A,9.160350000000001,True,0.07794410710291189,False,0.0,0.59745,0.654,1.0,0.53,0.5,1.0
2019-12-04,A,8.994672222222222,True,-1.7611063439567198,False,0.0,0.6919500000000001,0.4433,1.0,0.53,0.8611111111111112,0.625
2019-12-13,A,8.56933888888889,False,-6.6666638409649925,False,0.0,0.6919500000000001,0.3973,1.0,0.53,0.6944444444444445,0.625
2019-12-24,A,8.163627777777778,False,-10.845174432882976,False,0.0,0.6919500000000001,0.3,1.0,0.53,0.5888888888888889,0.625
2020-01-06,B,6.73035,False,-6.117984172756619,False,0.0,0.6850499999999999,0.3076,1.0,0.53,0.5,0.0
2020-01-15,B,6.650438888888889,False,-6.473832675087898,False,0.0,0.6850499999999999,0.32320000000000004,1.0,0.53,0.4444444444444445,0.0
2020-01-27,B,6.8095944444444445,False,-2.6037993284012018,False,0.0,0.6850499999999999,0.125,1.0,0.53,0.7222222222222222,0.0
2020-02-05,A,8.946394444444445,False,-1.5614361804753285,False,0.0,0.73065,0.125,1.0,0.53,0.7222222222222222,1.0
2020-02-14,A,9.136594444444444,True,-4.64807930567952,False,0.0,0.73065,0.22010000000000002,1.0,0.53,0.7222222222222222,1.0
2020-02-26,A,9.018616666666667,True,-0.743743454773238,False,0.0,0.73065,0.3,1.0,0.53,0.5833333333333334,1.0
2020-03-06,B,6.252588888888889,False,17.357904729257577,True,0.0,0.5679,0.3,1.0,0.53,0.4444444444444445,0.0
2020-03-17,B,6.375788888888889,False,33.24150386991218,True,0.0,0.5679,0.36160000000000003,1.0,0.53,0.4444444444444445,0.0
2020-03-26,B,7.7387,False,29.390996876695553,True,0.0,0.5679,0.48749999999999993,1.0,0.53,1.0,0.0
2020-04-06,A,8.2553,False,39.04306218349078,True,0.0,0.4883,0.4152,1.0,0.53,0.45000000000000007,1.0
2020-04-16,A,8.115588888888889,True,52.46062995821479,True,0.0,0.4883,0.3509,1.0,0.53,0.4444444444444445,1.0
2020-04-27,A,8.440255555555556,False,67.86102034867616,True,0.0,0.4883,0.5799,1.0,0.53,0.37777777777777777,1.0
2020-05-06,A,8.256422222222222,False,54.52774272821044,True,0.0,0.5298,0.4924,1.0,0.53,0.3111111111111111,1.0
2020-05-15,A,8.4726,False,56.93642327483488,True,0.0,0.5298,0.4616,1.0,0.53,0.45000000000000007,1.0
2020-05-27,A,9.002666666666666,False,53.24073097015785,True,0.0,0.5298,0.3433,1.0,0.53,0.8333333333333334,1.0
2020-06-05,B,6.945616666666667,False,53.16139056817724,True,0.0,0.51585,0.3357,1.0,0.53,0.8333333333333334,0.0
2020-06-16,C,5.999372222222222,False,33.388029438886655,True,0.0,0.51585,0.3848,1.0,0.53,0.3111111111111111,0.0
2020-06-25,B,6.5681722222222225,False,36.49449844606003,True,0.0,0.51585,0.36920000000000003,1.0,0.53,0.6111111111111112,0.0
2020-07-07,B,6.969738888888889,False,28.32512087704211,True,0.0,0.46915,0.4567,1.0,0.53,0.6944444444444445,0.1
2020-07-16,B,6.311561111111112,False,25.869382532682362,True,0.0,0.46915,0.2665,1.0,0.53,0.5555555555555556,0.1
2020-07-27,B,6.9489833333333335,False,30.858084211488766,True,0.0,0.46915,0.2741,1.0,0.53,0.8666666666666667,0.1
2020-08-05,C,5.431205555555556,False,34.84848404188774,True,0.0,0.42755,0.2665,1.0,0.53,0.2777777777777778,0.0
2020-08-14,C,5.970761111111111,False,30.687025501541676,True,0.0,0.42755,0.2585,1.0,0.53,0.5555555555555556,0.0
2020-08-25,C,5.68285,False,34.0909114689798,True,0.0,0.42755,0.22010000000000002,1.0,0.53,0.45000000000000007,0.0
2020-09-03,B,6.3045,False,39.43662261170553,True,0.0,0.3315,0.125,1.0,0.53,1.0,0.0
2020-09-15,B,6.438322222222222,False,44.28808290777195,True,0.0,0.3315,0.3308,1.0,0.53,0.8611111111111112,0.0
2020-09-24,C,5.6930555555555555,False,34.65732640230974,True,0.0,0.3315,0.44149999999999995,1.0,0.53,0.37777777777777777,0.0
2020-10-05,B,6.336544444444445,False,22.63042582715482,True,0.0,0.4107,0.3,1.0,0.53,0.7222222222222222,0.0
2020-10-14,B,6.114322222222222,False,27.81690043888496,True,0.0,0.4107,0.3,1.0,0.53,0.6111111111111112,0.0
2020-10-23,C,5.884322222222222,False,15.013586943317737,True,0.0,0.4107,0.125,1.0,0.59,0.6111111111111112,0.0
2020-11-03,B,6.159916666666667,False,23.437498279077886,True,0.0,0.46275,0.2125,1.0,0.59,0.5833333333333334,0.0
2020-11-12,B,6.865316666666667,False,20.509379693666,True,0.0,0.46275,0.31520000000000004,1.0,0.59,0.8333333333333334,0.0
2020-11-23,B,6.134761111111111,False,28.97690698043036,True,0.0,0.46275,0.2277,1.0,0.59,0.5555555555555556,0.0
2020-12-03,A,9.371266666666667,False,33.10672925173262,True,0.0,0.6844,0.23570000000000002,1.0,0.59,0.8333333333333334,1.0
2020-12-14,A,9.067511111111111,False,39.305950677882116,True,0.0,0.6844,0.36160000000000003,1.0,0.59,0.5555555555555556,1.0
2020-12-23,A,8.9028,False,27.983814159677877,True,0.0,0.6844,0.3848,1.0,0.59,0.45000000000000007,1.0
2021-01-05,A,8.866422222222223,False,19.913144648603563,True,0.0,0.6232,0.2973,1.0,0.59,0.6111111111111112,1.0
2021-01-14,A,9.074266666666666,True,20.335929058988334,True,0.0,0.6232,0.179,1.0,0.59,0.8333333333333334,1.0
2021-01-26,A,8.5282,False,27.509529775542397,True,0.0,0.6232,0.2893,1.0,0.59,0.45000000000000007,1.0
2021-02-04,A,8.08645,False,18.00623946650328,True,0.0,0.62715,0.3125,1.0,0.59,0.5,0.7
2021-02-16,A,8.027783333333334,False,15.780044048011831,True,0.0,0.62715,0.36650000000000005,1.0,0.59,0.41666666666666674,0.7
2021-02-25,A,8.434161111111111,False,9.86547205060717,True,0.0,0.62715,0.43079999999999996,1.0,0.59,0.5555555555555556,0.7
2021-03-08,B,6.146144444444444,False,23.39505450425068,True,0.0,0.5105,0.4951,1.0,0.59,0.22222222222222224,0.0
2021-03-17,B,6.652677777777778,False,16.322705739282494,True,0.0,0.5105,0.38170000000000004,1.0,0.59,0.5888888888888889,0.0
2021-03-26,B,6.425388888888889,False,29.75641625380019,True,0.0,0.5105,0.4125,1.0,0.59,0.4444444444444445,0.0
2021-04-07,B,7.198844444444444,False,23.778067015587155,True,0.0,0.4992,0.5384,1.0,0.59,0.7222222222222222,0.0
2021-04-16,B,6.7696,False,12.918659905009022,True,0.0,0.4992,0.546,1.0,0.59,0.5,0.0
2021-04-27,B,7.046555555555555,False,0.9476035185796983,False,0.0,0.4992,0.4567,1.0,0.59,0.7277777777777779,0.0
2021-05-06,A,8.52983888888889,False,7.692310200327035,True,0.0,0.50185,0.2277,1.0,0.59,0.6944444444444445,1.0
2021-05-17,A,8.128527777777778,False,8.769863397238309,True,0.0,0.50185,0.1326,1.0,0.59,0.5888888888888889,1.0
2021-05-26,A,8.375261111111111,False,9.05839385110838,True,0.0,0.50185,0.2893,1.0,0.59,0.5555555555555556,1.0
2021-06-07,B,6.847005555555556,False,6.329116424544212,True,0.0,0.51095,0.2893,1.0,0.59,0.7777777777777778,0.0
2021-06-16,B,6.886538888888889,False,11.091545117971302,True,0.0,0.51095,0.39239999999999997,1.0,0.59,0.6944444444444445,0.0
2021-06-25,B,6.948138888888889,False,13.19526386137435,True,0.0,0.51095,0.4232,1.0,0.59,0.6944444444444445,0.0
2021-07-07,B,6.424772222222222,False,8.394364907707974,True,0.0,0.47745,0.5951,1.0,0.59,0.3111111111111111,0.0
2021-07-16,B,7.0775500000000005,False,9.373245853051216,True,0.0,0.47745,0.23260000000000003,1.0,0.59,1.0,0.0
2021-07-27,B,7.247638888888889,False,10.19072966218102,True,0.0,0.47745,0.5232,1.0,0.59,0.7944444444444445,0.0
2021-08-05,B,7.076666666666667,False,3.3297470673491647,True,0.0,0.41,0.225,1.0,0.59,0.5833333333333334,0.525
2021-08-16,B,7.329444444444444,False,-7.039439835627115,False,0.0,0.41,0.2125,1.0,0.59,0.7222222222222222,0.525
2021-08-25,B,7.298888888888889,False,-5.524582756601237,False,0.0,0.41,0.125,1.0,0.59,0.7944444444444445,0.525
2021-09-03,C,5.444311111111111,False,0.764524016891599,False,0.0,0.296,0.1326,1.0,0.59,0.5555555555555556,0.0
2021-09-15,C,5.917511111111111,False,-0.8709020097708575,False,0.0,0.296,0.36920000000000003,1.0,0.59,0.5555555555555556,0.0
2021-09-24,B,6.307711111111111,False,-2.0418915665333603,False,0.0,0.296,0.5642999999999999,1.0,0.59,0.5555555555555556,0.0
2021-10-05,B,7.557511111111111,False,-7.405547569033766,False,0.0,0.6388,0.675,1.0,0.59,0.5555555555555556,0.0
2021-10-14,B,7.237911111111111,False,-9.137319558881574,False,0.0,0.6388,0.5152,1.0,0.59,0.5555555555555556,0.0
2021-10-25,B,7.283333333333333,False,-2.1660654436026827,False,0.0,0.6388,0.6768000000000001,1.0,0.59,0.41666666666666674,0.0
2021-11-03,B,7.934577777777777,False,-9.855520795267969,False,0.0,0.5506,0.6125,1.0,0.59,0.5888888888888889,0.35
2021-11-12,A,8.7104,True,-11.194401526717702,False,0.0,0.5506,0.5893,1.0,0.59,1.0,0.35
2021-11-23,B,7.415288888888889,False,-7.508703048495025,False,0.0,0.5506,0.49729999999999996,1.0,0.59,0.4444444444444445,0.35
2021-12-03,A,8.439416666666666,False,-4.586669921874997,False,0.0,0.65325,0.36650000000000005,1.0,0.59,0.5833333333333334,0.7
2021-12-14,A,9.25086111111111,False,-8.447836537598208,False,0.0,0.65325,0.7,1.0,0.59,0.6555555555555556,0.7
2021-12-23,A,8.804127777777778,True,-4.4698576953339675,False,0.0,0.65325,0.5433,1.0,0.59,0.5888888888888889,0.7
2022-01-04,A,8.51121111111111,False,-1.3866678873697968,False,0.0,0.6717,0.6125,1.0,0.07999999999999999,0.5555555555555556,1.0
2022-01-13,A,9.066766666666666,True,-3.7037040942097366,False,0.0,0.6717,0.6125,1.0,0.07999999999999999,0.8333333333333334,1.0
2022-01-25,A,8.577877777777777,False,-0.5324833749385194,False,0.0,0.6717,0.6125,1.0,0.07999999999999999,0.5888888888888889,1.0
2022-02-03,B,6.707988888888889,False,2.1678676743206893,False,0.0,0.5965,0.6848000000000001,1.0,0.07999999999999999,0.6944444444444445,0.0
2022-02-14,B,6.38838888888889,False,1.7108137504672216,False,0.0,0.5965,0.525,1.0,0.07999999999999999,0.6944444444444445,0.0
2022-02-24,B,6.877277777777778,False,5.949782591403863,True,0.0,0.5965,0.875,1.0,0.07999999999999999,0.5888888888888889,0.0
2022-03-07,A,8.555427777777778,False,3.0617547409044654,True,0.0,0.52435,0.7723,1.0,0.07999999999999999,0.638888888888889,1.0
2022-03-16,B,7.8113166666666665,False,5.711214460087244,True,0.0,0.52435,0.4558,1.0,0.07999999999999999,0.5833333333333334,1.0
2022-03-25,A,8.743183333333333,False,-1.1728783397566556,False,0.0,0.52435,0.6384000000000001,1.0,0.07999999999999999,0.8666666666666667,1.0
2022-04-05,B,7.259322222222222,False,5.597966426586631,True,0.0,0.5123,0.5201,1.0,0.07999999999999999,0.8611111111111112,0.4
2022-04-14,B,6.843788888888889,False,-1.7946097337346978,False,0.0,0.5123,0.379,1.0,0.07999999999999999,0.7944444444444445,0.4
2022-04-26,B,6.185788888888889,False,3.159559708801396,True,0.0,0.5123,0.4,1.0,0.07999999999999999,0.4444444444444445,0.4
2022-05-05,C,5.926633333333333,False,5.857286655496785,True,0.0,0.5226999999999999,0.6826,1.0,0.07999999999999999,0.41666666666666674,0.0
2022-05-16,B,6.270588888888889,False,10.060973127706685,True,0.0,0.5226999999999999,0.5768,1.0,0.07999999999999999,0.6944444444444445,0.0
2022-05-25,C,5.880055555555556,False,7.723579442038497,True,0.0,0.5226999999999999,0.34820000000000007,1.0,0.07999999999999999,0.7277777777777779,0.0
2022-06-06,B,6.170683333333334,False,10.327200986282591,True,0.0,0.51745,0.4125,1.0,0.07999999999999999,0.41666666666666674,0.4
2022-06-15,B,6.067572222222222,False,13.055264757774987,True,0.0,0.51745,0.4665,1.0,0.07999999999999999,0.3111111111111111,0.4
2022-06-27,B,6.955816666666667,False,12.021862593764943,True,0.0,0.51745,0.6384000000000001,1.0,0.07999999999999999,0.5833333333333334,0.4
2022-07-07,B,6.182516666666666,False,12.419002052974438,True,0.0,0.46295,0.7335,1.0,0.07999999999999999,0.5833333333333334,0.0
2022-07-18,B,6.270094444444444,False,15.765066924255366,True,0.0,0.46295,0.6384000000000001,1.0,0.07999999999999999,0.7222222222222222,0.0
2022-07-27,B,6.60425,False,38.50575235532898,True,0.0,0.46295,0.5277000000000001,1.0,0.07999999999999999,1.0,0.0
2022-08-05,B,6.197594444444444,False,48.550718089096144,True,0.0,0.45605,0.6125,1.0,0.07999999999999999,0.7222222222222222,0.0
2022-08-16,B,6.837594444444445,False,39.68253868827452,True,0.0,0.45605,0.6125,1.0,0.0,0.7222222222222222,0.4
2022-08-25,B,6.910638888888889,False,46.87151662456826,True,0.0,0.45605,0.6768000000000001,1.0,0.0,0.6944444444444445,0.4
2022-09-06,B,6.21993888888889,False,41.768634149518746,True,0.0,0.5609500000000001,0.5741,1.0,0.0,0.4444444444444445,0.25
2022-09-15,B,6.642161111111111,False,34.21341699088796,True,0.0,0.5609500000000001,0.5741,1.0,0.0,0.6555555555555556,0.25
2022-09-26,B,6.7813388888888895,False,40.81743659625068,True,0.0,0.5609500000000001,0.6848000000000001,1.0,0.16999999999999998,0.4444444444444445,0.25
2022-10-05,B,7.576933333333334,False,32.14483735470415,True,0.0,0.5122,0.7335,1.0,0.16999999999999998,0.8666666666666667,0.25
2022-10-14,B,6.533133333333334,False,23.407642312605525,True,0.0,0.5122,0.6616,1.0,0.16999999999999998,0.41666666666666674,0.25
2022-10-25,B,6.368111111111111,False,31.419096824638526,True,0.0,0.5122,0.34020000000000006,1.0,0.16999999999999998,0.6555555555555556,0.25
2022-11-03,B,7.457916666666667,False,32.05197778222746,True,0.0,0.50995,0.43570000000000003,1.0,0.16999999999999998,0.8333333333333334,0.525
2022-11-14,B,6.253672222222223,False,19.465459532034934,True,0.0,0.50995,0.3558,1.0,0.16999999999999998,0.3111111111111111,0.525
2022-11-23,B,6.814294444444444,False,21.5856848357485,True,0.0,0.50995,0.225,1.0,0.16999999999999998,0.7222222222222222,0.525
2022-12-05,B,6.5658722222222226,False,24.24553382836594,True,0.0,0.67235,0.24329999999999996,1.0,0.16999999999999998,0.8611111111111112,0.0
2022-12-14,C,5.995116666666667,False,31.345482582683417,True,0.0,0.67235,0.23570000000000002,1.0,0.16999999999999998,0.5833333333333334,0.0
2022-12-23,B,6.606227777777778,False,28.598666019610608,True,0.0,0.67235,0.23570000000000002,1.0,0.16999999999999998,0.888888888888889,0.0
2023-01-05,B,6.104266666666667,False,36.03929295947723,True,0.0,0.7242,0.2125,1.0,0.16999999999999998,0.5833333333333334,0.0
2023-01-17,B,7.1390666666666664,False,28.748764106235726,True,0.0,0.7242,0.47989999999999994,1.0,0.16999999999999998,0.8333333333333334,0.0
2023-01-26,B,7.030733333333333,False,30.705997523029293,True,0.0,0.7242,0.39239999999999997,1.0,0.16999999999999998,0.8666666666666667,0.0
2023-02-06,B,7.878916666666667,False,33.252666456790614,True,0.0,0.6919500000000001,0.14820000000000003,1.0,0.16999999999999998,0.5833333333333334,1.0
2023-02-15,A,8.155072222222222,False,28.531340602966626,True,0.0,0.6919500000000001,0.2585,1.0,0.16999999999999998,0.6111111111111112,1.0
2023-02-27,A,8.625161111111112,False,25.441371177294325,True,0.0,0.6919500000000001,0.44909999999999994,1.0,0.16999999999999998,0.6555555555555556,1.0
2023-03-08,A,8.118738888888888,False,30.36398662553932,True,0.0,0.61715,0.36920000000000003,1.0,0.16999999999999998,0.7944444444444445,0.8
2023-03-17,B,7.506316666666667,False,21.383648088918793,True,0.0,0.61715,0.2741,1.0,0.16999999999999998,0.5833333333333334,0.8
2023-03-28,A,8.241938888888889,False,6.00657305830159,True,0.0,0.61715,0.43079999999999996,1.0,0.16999999999999998,0.7944444444444445,0.8
2023-04-06,B,6.929338888888889,False,-14.273616061474625,False,0.0,0.62515,0.3125,1.0,0.16999999999999998,0.6944444444444445,0.35
2023-04-18,B,6.816427777777777,False,-15.036676431918227,False,0.0,0.62515,0.36160000000000003,1.0,0.16999999999999998,0.5888888888888889,0.35
2023-04-27,B,7.211694444444444,False,-19.933305692442826,False,0.0,0.62515,0.42589999999999995,1.0,0.16999999999999998,0.7222222222222222,0.35
2023-05-08,A,8.178294444444445,False,-6.247608503572788,False,0.0,0.53635,0.39239999999999997,1.0,0.16999999999999998,0.7222222222222222,1.0
2023-05-17,A,8.828094444444444,False,-7.796219489231026,False,0.0,0.53635,0.2973,1.0,0.59,0.7222222222222222,1.0
2023-05-26,A,8.678761111111111,False,-8.159249245950761,False,0.0,0.53635,0.2893,1.0,0.59,0.6555555555555556,1.0
2023-06-07,B,7.416377777777778,False,-7.673465962312664,False,0.0,0.5374,0.4232,1.0,0.59,0.888888888888889,0.0
2023-06-16,B,7.000688888888889,False,-21.036698455329073,False,0.0,0.5374,0.30979999999999996,1.0,0.59,0.7944444444444445,0.0
2023-06-28,B,6.857066666666666,False,-3.544524802293214,False,0.0,0.5374,0.44909999999999994,1.0,0.59,0.5833333333333334,0.0
2023-07-10,B,6.6558222222222225,False,-6.356654168813858,False,0.0,0.4902,0.6415,1.0,0.59,0.36111111111111116,0.0
2023-07-19,B,6.694711111111111,False,-7.6414644530392035,False,0.0,0.4902,0.4665,1.0,0.59,0.5555555555555556,0.0
2023-07-28,B,6.869711111111111,False,-16.304346179310393,False,0.0,0.4902,0.554,1.0,0.59,0.5555555555555556,0.0
2023-08-08,B,6.083055555555555,False,-14.712156292940758,False,0.0,0.4715,0.4665,1.0,0.59,0.2777777777777778,0.0
2023-08-17,B,6.621788888888889,False,-19.666663805643715,False,0.0,0.4715,0.5692,1.0,0.59,0.4444444444444445,0.0
2023-08-28,B,7.356922222222222,False,-26.202576986917247,False,0.0,0.4715,0.5201,1.0,0.59,0.8611111111111112,0.0
2023-09-07,B,6.128222222222222,False,-31.55922031477829,False,0.0,0.3676,0.5616,1.0,0.59,0.36111111111111116,0.0
2023-09-18,B,6.466288888888889,False,-30.431574379418702,False,0.0,0.3676,0.3973,1.0,0.59,0.6944444444444445,0.0
2023-09-27,C,5.972022222222222,False,-25.028699648786525,False,0.0,0.3676,0.5335,1.0,0.59,0.3111111111111111,0.0
2023-10-06,B,7.022888888888889,False,-28.571426533445187,False,0.0,0.593,0.5874999999999999,1.0,0.59,0.4444444444444445,0.0
2023-10-17,B,7.655888888888889,False,-26.73699688128721,False,0.0,0.593,0.554,1.0,0.59,0.7944444444444445,0.0
2023-10-26,B,7.187111111111111,False,-27.44082775542035,False,0.0,0.593,0.4585,1.0,0.59,0.6555555555555556,0.0
2023-11-06,B,7.64315,False,-33.23792723413983,False,0.0,0.46925,0.5277000000000001,1.0,0.59,1.0,0.0
2023-11-15,B,6.949194444444444,False,-33.40699750372671,False,0.0,0.46925,0.4585,1.0,0.59,0.7222222222222222,0.0
2023-11-24,B,7.502594444444444,False,-33.395108901973735,False,0.0,0.46925,0.6152,1.0,0.71,0.7222222222222222,0.0
2023-12-05,A,8.571866666666667,False,-26.322115127445432,False,0.0,0.4174,0.5665,1.0,0.71,0.5833333333333334,0.8
2023-12-14,A,9.516644444444445,False,-13.255187076672659,False,0.0,0.4174,0.7,1.0,0.71,0.7222222222222222,1.0
2023-12-26,A,9.5722,True,-7.403801300174395,False,0.0,0.4174,0.7,1.0,0.71,0.7500000000000001,1.0
2024-01-05,B,7.708772222222223,True,9.521554574926006,True,0.0,0.61385,0.6125,1.0,0.71,0.6111111111111112,0.0
2024-01-17,B,7.972661111111111,False,3.9821001094314523,True,0.0,0.61385,0.7,1.0,0.71,0.6555555555555556,0.0
2024-01-26,B,7.66155,False,-5.805641739752277,False,0.0,0.61385,0.7,1.0,0.71,0.5,0.0
2024-02-06,A,9.602194444444445,False,-5.178265454199549,False,0.0,0.59325,0.47900000000000004,1.0,0.71,0.7222222222222222,1.0
2024-02-15,A,9.304327777777779,False,-3.2865907538557337,False,0.0,0.59325,0.46340000000000003,1.0,0.71,0.5888888888888889,1.0
2024-02-27,A,9.844527777777778,False,-10.444629845557563,False,0.0,0.59325,0.7335,1.0,0.71,0.5888888888888889,1.0
2024-03-07,A,8.119211111111111,True,0.4699176263835758,False,0.0,0.5859,0.6152,1.0,0.71,0.5555555555555556,0.30000000000000004
2024-03-18,B,7.656722222222222,False,-3.5649774982781324,False,0.0,0.5859,0.6384000000000001,1.0,0.65,0.36111111111111116,0.30000000000000004
2024-03-27,B,7.890877777777778,False,-5.858499833805386,False,0.0,0.5859,0.5277000000000001,1.0,0.65,0.5888888888888889,0.30000000000000004
2024-04-08,B,7.1386111111111115,False,-9.495133036461901,False,0.0,0.5163,0.48929999999999996,1.0,0.65,0.5555555555555556,0.1
2024-04-17,B,6.824722222222222,True,1.7080741662457655,False,0.0,0.5163,0.5768,1.0,0.65,0.3111111111111111,0.1
2024-04-26,A,8.079122222222223,False,-5.56701002547687,False,0.0,0.5163,0.654,1.0,0.65,0.8611111111111112,0.1
2024-05-07,B,7.596172222222222,True,-4.6616554867677795,False,0.0,0.48965,0.6125,1.0,0.59,0.8611111111111112,0.0
2024-05-16,B,7.493394444444444,False,7.2558643166494186,True,0.0,0.48965,0.7,1.0,0.59,0.7222222222222222,0.0
2024-05-28,B,6.865616666666667,False,7.688203786713399,True,0.0,0.48965,0.525,1.0,0.59,0.5833333333333334,0.0
2024-06-06,A,8.892744444444444,True,11.654525760371715,True,0.0,0.4811,0.6125,1.0,0.59,0.7222222222222222,0.8
2024-06-17,A,8.770677777777777,True,-4.478400431876805,False,0.0,0.4811,0.6848000000000001,1.0,0.59,0.5888888888888889,0.8
2024-06-27,A,8.4465,True,-0.7455343917601054,False,0.0,0.4811,0.6616,1.0,0.59,0.45000000000000007,0.8
2024-07-09,A,9.287283333333333,True,-1.3761490632750784,False,0.0,0.47645,0.6722999999999999,1.0,0.59,0.8666666666666667,0.8
2024-07-18,A,8.07275,True,-0.527985103748585,False,0.0,0.47645,0.4817,1.0,0.59,0.45000000000000007,0.8
2024-07-29,A,8.477816666666667,True,-7.837978712143368,False,0.0,0.47645,0.5509000000000001,1.0,0.59,0.5833333333333334,0.8
2024-08-07,B,7.491522222222223,False,0.22051222091092892,False,0.0,0.4209,0.5433,1.0,0.71,0.8611111111111112,0.0
2024-08-16,B,6.993477777777778,True,-3.272324626281864,False,0.0,0.4209,0.5665,1.0,0.71,0.5888888888888889,0.0
2024-08-27,B,7.023877777777778,True,-9.846940140881044,False,0.0,0.4209,0.5817,1.0,0.71,0.5888888888888889,0.0
2024-09-06,B,6.482344444444445,True,-8.937073229479154,False,0.0,0.2827,0.5049,1.0,0.5900000000000001,0.7222222222222222,0.0
2024-09-17,B,6.986766666666667,True,-17.067066694389087,False,0.0,0.2827,0.546,1.0,0.5900000000000001,0.9333333333333333,0.0
2024-09-26,B,6.612411111111111,False,-29.129125541591694,False,0.0,0.2827,0.6366,1.0,0.5900000000000001,0.6555555555555556,0.0
2024-10-07,A,8.1198,False,-30.598668966650067,False,0.0,0.5338,0.36920000000000003,1.0,0.5900000000000001,0.5,0.8
2024-10-16,B,7.991466666666667,False,-25.99999687888406,False,0.0,0.5338,0.2817,1.0,0.53,0.5833333333333334,0.8
2024-10-25,A,8.269244444444444,False,-25.20325238272132,False,0.0,0.5338,0.2817,1.0,0.53,0.7222222222222222,0.8
2024-11-05,B,7.242172222222223,True,-25.61643288000852,False,0.0,0.61345,0.2098,1.0,0.53,0.6111111111111112,0.35
2024-11-14,B,7.3616166666666665,True,-25.371054957562823,False,0.0,0.61345,0.2973,1.0,0.53,0.5833333333333334,0.35
2024-11-25,B,6.853283333333334,True,-21.60756395863137,False,0.0,0.61345,0.2098,1.0,0.53,0.41666666666666674,0.35
2024-12-05,B,7.432066666666667,True,-22.641514017302534,False,0.0,0.6786,0.3848,1.0,0.53,0.5833333333333334,0.2
2024-12-16,B,6.933711111111111,True,-24.12959695916245,False,0.0,0.6786,0.1634,1.0,0.53,0.5555555555555556,0.2
2024-12-26,B,7.283377777777778,True,-16.926273053689876,False,0.0,0.6786,0.3049,1.0,0.53,0.5888888888888889,0.2
2025-01-07,B,7.334488888888889,True,-19.588690335048085,False,0.0,0.6586000000000001,0.40490000000000004,1.0,0.22999999999999998,0.6944444444444445,0.35
2025-01-16,B,7.151,True,-10.537754210412565,False,0.0,0.6586000000000001,0.5076,1.0,0.22999999999999998,0.5,0.35
2025-01-28,A,8.5358,True,-17.420694266983983,False,0.0,0.6586000000000001,0.7,1.0,0.22999999999999998,1.0,0.35
2025-02-06,A,8.669672222222221,True,-21.87020848090838,False,0.0,0.49255,0.6049,1.0,0.22999999999999998,0.8611111111111112,0.9
2025-02-18,A,8.798272222222222,False,-28.606241268442577,False,0.0,0.49255,0.6692,1.0,0.22999999999999998,0.8611111111111112,0.9
2025-02-27,A,8.309716666666667,False,-26.256982915523253,False,0.0,0.49255,0.7027,1.0,0.22999999999999998,0.5833333333333334,0.9
2025-03-10,A,9.086722222222223,False,-21.591514939699962,False,0.0,0.5131,0.6826,1.0,0.22999999999999998,0.8611111111111112,1.0
2025-03-19,A,9.235899999999999,False,-24.174708480319772,False,0.0,0.5131,0.6183,1.0,0.22999999999999998,1.0,1.0
2025-03-28,B,7.781811111111111,False,-20.358643931391786,False,0.0,0.5131,0.3357,1.0,0.22999999999999998,0.5555555555555556,1.0
2025-04-08,B,6.426338888888889,False,-16.98525257994692,False,0.0,0.64635,0.36920000000000003,1.0,0.22999999999999998,0.4444444444444445,0.2
2025-04-17,B,7.274872222222222,False,-17.847187442689115,False,0.0,0.64635,0.37679999999999997,1.0,0.22999999999999998,0.8611111111111112,0.2
2025-04-29,B,7.470938888888889,False,-16.685586799242902,False,0.0,0.64635,0.5415,1.0,0.22999999999999998,0.7944444444444445,0.2
2025-05-08,B,6.961194444444445,False,-15.48571450369699,False,0.0,0.49065,0.4924,1.0,0.07999999999999999,0.7222222222222222,0.45
2025-05-19,B,6.786527777777778,False,-17.249289690283753,False,0.0,0.49065,0.5384,1.0,0.07999999999999999,0.5888888888888889,0.45
2025-05-29,B,6.626727777777778,True,-18.94117804134593,False,0.0,0.49065,0.4585,1.0,0.07999999999999999,0.5888888888888889,0.45
2025-06-09,B,6.220877777777778,False,-12.47750398432198,False,0.0,0.5488999999999999,0.44820000000000004,1.0,0.2,0.638888888888889,0.0
2025-06-18,B,6.0199,False,-11.209066247754617,False,0.0,0.5488999999999999,0.48660000000000003,1.0,0.2,0.5,0.0
2025-06-30,B,7.0355888888888884,False,-6.653745241793407,False,0.0,0.5488999999999999,0.7,1.0,0.2,0.7944444444444445,0.0
2025-07-09,B,7.470461111111111,False,-4.166664267123721,False,0.0,0.48645,0.7,1.0,0.2,0.6555555555555556,0.45
2025-07-18,B,7.191372222222222,False,-13.317478072294186,False,0.0,0.48645,0.6049,1.0,0.2,0.6111111111111112,0.45
2025-07-29,B,7.4400611111111115,False,-17.661243388950343,False,0.0,0.48645,0.6848000000000001,1.0,0.2,0.6555555555555556,0.45
2025-08-07,B,6.8795222222222225,False,-13.616491405434761,False,0.0,0.4209,0.5973,1.0,0.35000000000000003,0.8611111111111112,0.0
